Model Algorithm,Train Log-RMSE,Eval Log-RMSE,CV Log-RMSE (Mean),CV Log-RMSE (Std),Eval MAE ($),Eval R² Score,Train Time (sec)
XGBOOST,0.02339,0.02358,0.02338,0.00078,3008.42,0.9973,1.9851
RANDOM_FOREST,0.04898,0.05256,0.04893,0.0023,6207.42,0.9856,1.279
GRADIENT_BOOSTING,0.07845,0.07983,0.07845,0.00114,10919.34,0.9639,2.337
LINEAR,0.08986,0.09382,0.08967,0.00581,11616.32,0.9576,0.139
RIDGE,0.09555,0.10316,0.09543,0.00482,12428.85,0.9525,0.0568
LASSO,0.10362,0.11094,0.10348,0.00526,13100.55,0.9449,0.0948
DEEP_LEARNING,0.14332,0.14237,0.14311,0.00791,19234.43,0.8951,8.5965
